[{
  "name": "Set Viewport Quiz",
  "code": "viewportsFTW!",
  "tests": [
    {
      "description": "A meta tag describes the viewport",
      "definition": {
        "nodes": "meta",
        "limit": 1,
        "attribute": "name",
        "equals": "viewport"
      }
    },
    {
      "description": "A meta tag sets the content",
      "definition": {
        "nodes": "meta",
        "limit": 1,
        "attribute": "content",
        "hasSubstring": {
          "expected": [
            "width=device-width",
            "initial-scale=1\\.?0?"
          ],
          "minValues": 2
         }
      }
    }
  ]
}]
